HpaP808189 	1	YFWxC	HhH1
HpaP800374 ,HpaP802997 ,HpaP806814 ,HpaP811339 	4	ToxA	HAT
HpaP808355 ,HpaP813111 ,HpaP814647 	3	EAR_1	TPR
HpaP802037 ,HpaP804272 ,HpaP804757 ,HpaP804990 ,HpaP810250 ,HpaP810829 ,HpaP812660 	7	RXLR	TPR
HpaP808706 	1	RXLR,[LI]xAR	HAT
HpaP809857 	1	YFWxC,[LI]xAR	HhH1
HpaP800105 	1	YFWxC	TPR,HAT
HpaP800136 ,HpaP802775 ,HpaP804841 ,HpaP807772 ,HpaP808116 	5	YFWxC	TPR
HpaP802490 ,HpaP804818 ,HpaP805573 ,HpaP807295 	4	RXLR	HAT
HpaP801088 ,HpaP801809 ,HpaP810448 ,HpaP814300 ,HpaP814301 	5	EAR_1	HAT
HpaP811049 	1	LysM	BRCT
HpaP800652 ,HpaP801633 ,HpaP804390 ,HpaP804675 ,HpaP809250 ,HpaP809251 ,HpaP809568 ,HpaP811554 ,HpaP811614 ,HpaP812292 ,HpaP812328 ,HpaP814140 ,HpaP814884 	13	YFWxC	HAT
HpaP806291 ,HpaP809769 	2	EAR_1	BRCT
HpaP811434 ,HpaP814156 	2	LysM	TPR
HpaP800329 ,HpaP814205 	2	LysM	HAT
HpaP810251 	1	EAR_1	HhH1
HpaP810077 	1	Crinkler,EAR_1	TPR
HpaP807363 ,HpaP814515 	2	[LI]xAR	TPR
HpaP813508 	1	CHxC	HAT
HpaP800745 	1	Crinkler,EAR_1	HAT
HpaP811926 	1	RXLR,YFWxC	HAT
HpaP807401 ,HpaP807402 	2	[LI]xAR	BRCT
HpaP800810 ,HpaP811494 	2	YFWxC	BRCT
HpaP809772 	1	G[IFY][ALST]R	TPR
HpaP809320 	1	[LI]xAR	HhH1
HpaP803685 ,HpaP805006 ,HpaP810070 ,HpaP810098 ,HpaP810403 ,HpaP811551 ,HpaP813687 ,HpaP813763 ,HpaP813777 	9	ToxA	TPR
HpaP801442 	1	RXLR,PDI	HAT
